<?xml version="1.0" encoding="UTF-8"?>
<!DOCTYPE bookstore SYSTEM "bookstore.dtd">
<bookstore>
<book category="fiction">
<title>The Great Gatsby</title>
<author>F. Scott Fitzgerald</author>
<price>10.99</price>
<isbn>978-0743273565</isbn>
<publication_year>1925</publication_year>
</book>
<book category="non-fiction">
<title>Sapiens: A Brief History of Humankind</title>
<author>Yuval Noah Harari</author>
<price>14.99</price>
<isbn>978-0062316097</isbn>
<publication_year>2011</publication_year>
</book>
</bookstore>